-- phpMyAdmin SQL Dump
-- version 3.2.4
-- http://www.phpmyadmin.net
--
-- Host: localhost
-- Generation Time: Sep 13, 2013 at 01:35 AM
-- Server version: 5.1.44
-- PHP Version: 5.3.1

SET SQL_MODE="NO_AUTO_VALUE_ON_ZERO";


/*!40101 SET @OLD_CHARACTER_SET_CLIENT=@@CHARACTER_SET_CLIENT */;
/*!40101 SET @OLD_CHARACTER_SET_RESULTS=@@CHARACTER_SET_RESULTS */;
/*!40101 SET @OLD_COLLATION_CONNECTION=@@COLLATION_CONNECTION */;
/*!40101 SET NAMES utf8 */;

--
-- Database: `silabuso2`
--

-- --------------------------------------------------------

--
-- Table structure for table `dosen`
--

CREATE TABLE IF NOT EXISTS `dosen` (
  `id_dosen` int(11) NOT NULL AUTO_INCREMENT,
  `nip_dosen` varchar(255) NOT NULL,
  `kode_dosen` varchar(255) NOT NULL,
  `nama_dosen` varchar(255) NOT NULL,
  `is_deleted` tinyint(4) NOT NULL DEFAULT '0',
  PRIMARY KEY (`id_dosen`),
  UNIQUE KEY `nip_dosen` (`nip_dosen`),
  UNIQUE KEY `kode_dosen` (`kode_dosen`)
) ENGINE=MyISAM  DEFAULT CHARSET=latin1 AUTO_INCREMENT=4 ;

--
-- Dumping data for table `dosen`
--

INSERT INTO `dosen` (`id_dosen`, `nip_dosen`, `kode_dosen`, `nama_dosen`, `is_deleted`) VALUES
(1, '1231', 'IKGP', 'Giri Prahasta Putra', 0),
(2, '2344', 'IKG2', 'Ika Gwita Persada', 0);

-- --------------------------------------------------------

--
-- Table structure for table `jabatan`
--

CREATE TABLE IF NOT EXISTS `jabatan` (
  `id_jabatan` int(11) NOT NULL AUTO_INCREMENT,
  `jabatan` varchar(255) NOT NULL,
  PRIMARY KEY (`id_jabatan`)
) ENGINE=MyISAM  DEFAULT CHARSET=latin1 AUTO_INCREMENT=3 ;

--
-- Dumping data for table `jabatan`
--

INSERT INTO `jabatan` (`id_jabatan`, `jabatan`) VALUES
(1, 'admin'),
(2, 'moderator');

-- --------------------------------------------------------

--
-- Table structure for table `jadwal`
--

CREATE TABLE IF NOT EXISTS `jadwal` (
  `id_jadwal` int(11) NOT NULL AUTO_INCREMENT,
  `id_mk_prodi` int(11) NOT NULL,
  `hari` int(11) NOT NULL DEFAULT '1' COMMENT '1 = senin, 7 = minggu',
  `ruangan` varchar(255) NOT NULL,
  `jam_mulai` time NOT NULL,
  `jam_akhir` time NOT NULL,
  PRIMARY KEY (`id_jadwal`)
) ENGINE=MyISAM  DEFAULT CHARSET=latin1 AUTO_INCREMENT=6 ;

--
-- Dumping data for table `jadwal`
--

INSERT INTO `jadwal` (`id_jadwal`, `id_mk_prodi`, `hari`, `ruangan`, `jam_mulai`, `jam_akhir`) VALUES
(5, 13, 1, 'IK201', '13:00:00', '14:00:00');

-- --------------------------------------------------------

--
-- Table structure for table `matakuliah`
--

CREATE TABLE IF NOT EXISTS `matakuliah` (
  `id_mk` int(11) NOT NULL AUTO_INCREMENT,
  `kode_mk` varchar(255) NOT NULL,
  `nama_mk` varchar(255) NOT NULL,
  `sks` int(11) NOT NULL,
  `penjelasan` text NOT NULL,
  `sap` text NOT NULL,
  `silabus` text NOT NULL,
  `is_deleted` tinyint(4) NOT NULL DEFAULT '0',
  `file_sap` varchar(500) NOT NULL,
  `file_silabus` varchar(500) NOT NULL,
  PRIMARY KEY (`id_mk`)
) ENGINE=MyISAM  DEFAULT CHARSET=latin1 AUTO_INCREMENT=7 ;

--
-- Dumping data for table `matakuliah`
--

INSERT INTO `matakuliah` (`id_mk`, `kode_mk`, `nama_mk`, `sks`, `penjelasan`, `sap`, `silabus`, `is_deleted`, `file_sap`, `file_silabus`) VALUES
(1, 'IK201', 'Pendahuluan Teknologi Informasi', 2, 'Ilmu mengenai teknologi informasi yang beredar sekarang ini', 'Ini adalah SAP dari matakuliah pendahuluan teknologi', 'Ini adalah silabus. Silahkan dibaca', 0, '', ''),
(2, 'IK202', 'Matematika Diskrit', 3, 'Matematika yang digunakan dalam ilmu komputasi', 'ini SAP matematika diskrit', 'ini silabus matematika diskrit', 0, '', ''),
(3, 'IK203', 'Statistika', 3, 'Ilmu statistika yang berkaitan dengan ilmu komputer dan teknik dalam pemodelan', 'ini SAP statistika', 'ini silabus statistika', 0, '', '');
INSERT INTO `matakuliah` (`id_mk`, `kode_mk`, `nama_mk`, `sks`, `penjelasan`, `sap`, `silabus`, `is_deleted`, `file_sap`, `file_silabus`) VALUES
(5, 'IK300', 'Pengantar Teknologi Informasi', 2, 'penjelasan', 'SAP', '<table class="MsoNormalTable" style="margin-left: 9.9pt; border-collapse: collapse; border: none; height: 83px;" border="1" width="440" cellspacing="0" cellpadding="0">\n<tbody>\n<tr style="mso-yfti-irow: 0; mso-yfti-firstrow: yes; mso-yfti-lastrow: yes; page-break-inside: avoid; height: 74.45pt;">\n<td style="width: 137.25pt; border-top: 1.0pt; border-left: 3.0pt; border-bottom: 3.0pt; border-right: 1.0pt; border-color: windowtext; border-style: solid; mso-border-top-alt: solid .5pt; mso-border-left-alt: dash-dot-stroked 3.0pt; mso-border-bottom-alt: dash-dot-stroked 3.0pt; mso-border-right-alt: solid .5pt; mso-border-color-alt: windowtext; padding: 0in 5.4pt 0in 5.4pt; height: 74.45pt;" valign="bottom" width="137">\n<p class="MsoBodyText"><span style="font-size: 10.0pt;">Dibuat<span style="mso-spacerun: yes;">&nbsp; </span>Oleh :</span></p>\n<p class="MsoBodyText"><span style="font-size: 10pt;">Dr. Munir, M.IT</span></p>\n<h4><span style="font-size: 10.0pt; font-weight: normal;">(Dosen Pengampu )</span></h4>\n</td>\n<td style="width: 137.25pt; border-top: solid windowtext 1.0pt; border-left: none; border-bottom: solid windowtext 3.0pt; border-right: solid windowtext 1.0pt; mso-border-left-alt: solid windowtext .5pt; mso-border-alt: solid windowtext .5pt; mso-border-bottom-alt: dash-dot-stroked windowtext 3.0pt; padding: 0in 5.4pt 0in 5.4pt; height: 74.45pt;" width="137">\n<p class="MsoBodyText"><span style="font-size: 10.0pt;">Diperiksa Oleh :</span></p>\n<p class="MsoBodyText"><span style="font-size: 10.0pt;">&nbsp;</span><span style="font-size: 10.0pt;">Wahyudin, M.T</span></p>\n<h1><span style="font-size: 9.0pt; font-family: ''Times New Roman''; mso-bidi-font-family: ''Courier New''; font-weight: normal;">(Tim Kurikulum ISO)</span></h1>\n</td>\n<td style="width: 177.75pt; border-top: solid windowtext 1.0pt; border-left: none; border-bottom: solid windowtext 3.0pt; border-right: solid windowtext 3.0pt; mso-border-left-alt: solid .5pt; mso-border-top-alt: solid .5pt; mso-border-bottom-alt: dash-dot-stroked 3.0pt; mso-border-right-alt: dash-dot-stroked 3.0pt; mso-border-color-alt: windowtext; padding: 0in 5.4pt 0in 5.4pt; height: 74.45pt;" valign="top" width="178">\n<p class="MsoBodyText"><span style="font-size: 10.0pt;">Disetujui Oleh :</span></p>\n<p class="MsoBodyText"><span style="font-size: 10.0pt;">&nbsp;</span><span style="font-size: 10pt; text-align: center;">Rasim, M.T</span></p>\n<p class="MsoNormal" style="text-align: justify;"><span style="font-size: 10.0pt;">(Ketua Program Studi Ilmu Komputer)</span></p>\n</td>\n</tr>\n</tbody>\n</table>\n<p class="MsoNormal" style="text-align: justify; line-height: 150%;"><strong style="mso-bidi-font-weight: normal;"><span style="mso-fareast-font-family: ''MS Mincho''; color: black; letter-spacing: .25pt; mso-fareast-language: JA;">Deskripsi</span></strong></p>\n<p class="MsoNormal" style="text-align: justify; line-height: 150%;"><span style="mso-fareast-font-family: ''MS Mincho''; color: black; letter-spacing: .25pt; mso-fareast-language: JA;">Mata kuliah ini merupakan kuliah dasar sebagai </span><span style="mso-fareast-font-family: ''MS Mincho''; color: black; mso-fareast-language: JA;">bekal para mahasiswa untuk berada pada gerbang IT secara makro sedangkan secara detil pemahaman IT akan ditemukan pada berbagai mata kuliah lanjutan. <span style="letter-spacing: .25pt;">Melalui mata kuliah </span></span><span style="color: black;">mahasiswa diharapkan dapat mengoperasikan sistem komputer dengan menggunakan sistem operasi <em>DOS/Windows/Linux </em>serta dapat mengenal<span style="mso-spacerun: yes;">&nbsp; </span>dan memahami berbagai peralatan teknologi informasi beserta fungsinya dan mampu mengoperasikannya dengan baik dan benar. Mata kuliah akan membahas topik-topik meliputi: sistem operasi windows,<span style="mso-spacerun: yes;">&nbsp; </span>operasi file dan folder, utility windows, mode dos, konsep dasar sistem komputer, etika IT, Input, process, output dan storage device,<span style="mso-spacerun: yes;">&nbsp; </span>teknologi telekomunikasi, dan teknologi multimedia. Implementasi pembelajaran mata kuliah ini menggunakan pendekatan ekspositori dalam bentuk ceramah, diskusi, tanya jawab, dan pembelajaran mandiri menggunakan berbagai media dan fasiltas seperti OHP, LCD projector, video, dan e-learning. Melalui pendekatan inquiri akan diarahkan untuk penyelesaian tugas penyusunan dan penyajian karya tulis ilmiah, riviu buku dan jurnal ilmiah, diskusi dan penyelesaian masalah, serta kajian mandiri atau kunjungan studi. Ketercapaian panguasaan materi di evaluasi melalui beberapa quiz yang sifatnya spontan, tugas rumah individu dan tugas kelompok langsung di sampaikan di kelas atau melalui forum tugas di e-learning, diskusi<span style="mso-spacerun: yes;">&nbsp; </span>dan presentasi, ujian tengah semester dan ujian akhir semester. Buku sumber utama untuk membantu mahasiswa dalam pembejaran adalah : Millman, Halkias, Integrated Electronics, Mc Graw Hill, Tokyo, 1988, selain buku-buku pelengkap seperti : Andleigh, P.K, and Thakrar, K., (1996), </span><em>Multimedia System Design </em><span style="color: black;">, Prentice Hall Inc., Chute, A.G, Thompson, M.M., and Hancock, B.W, (1998), </span><em>The Mc Graw Hill handbook of distance learning, </em><span style="color: black;">Mc Graw Hill, New York., Frenzel, Louis E., (1989), </span><em>Communication Electronic </em><span style="color: black;">, Mc Graw Hill , New York ., dan situs-situs terkait yang dapat dikunjungi setiap saat.</span></p>\n<table class="MsoNormalTable" style="margin-left: 5.4pt; border-collapse: collapse; mso-yfti-tbllook: 480; mso-padding-alt: 0in 5.4pt 0in 5.4pt;" border="0" cellspacing="0" cellpadding="0">\n<tbody>\n<tr style="mso-yfti-irow: 0; mso-yfti-firstrow: yes; mso-row-margin-right: 1.1pt;">\n<td style="width: 423.0pt; padding: 0in 5.4pt 0in 5.4pt;" colspan="3" valign="top" width="423"><span style="font-size: 12.0pt; line-height: 150%; font-family: ''Times New Roman''; mso-fareast-font-family: ''Times New Roman''; color: black; mso-ansi-language: EN-US; mso-fareast-language: EN-US; mso-bidi-language: AR-SA;"><br style="page-break-before: always;" clear="all" /> </span>\n<p class="MsoNormal" style="text-align: justify; line-height: 150%; mso-pagination: widow-orphan lines-together;"><strong><span lang="SV" style="color: black; mso-ansi-language: SV;">1. Identitas Mata Kuliah</span></strong></p>\n</td>\n<td style="mso-cell-special: placeholder; border: none; padding: 0in 0in 0in 0in;" width="1">\n<p class="MsoNormal">&nbsp;</p>\n</td>\n</tr>\n<tr style="mso-yfti-irow: 1; mso-row-margin-right: 1.1pt;">\n<td style="width: 2.25in; padding: 0in 5.4pt 0in 5.4pt;" valign="top" width="162">\n<p class="MsoNormal" style="margin-left: .3in; text-align: justify; text-indent: -9.0pt; line-height: 150%; mso-pagination: widow-orphan lines-together;"><span lang="SV" style="color: black; mso-ansi-language: SV;">a. Nama Mata Kuliah</span></p>\n</td>\n<td style="width: .25in; padding: 0in 5.4pt 0in 5.4pt;" valign="top" width="18">\n<p class="MsoNormal" style="text-align: center; line-height: 150%; mso-pagination: widow-orphan lines-together;" align="center"><span style="color: black; mso-bidi-font-weight: bold;">:</span></p>\n</td>\n<td style="width: 243.0pt; padding: 0in 5.4pt 0in 5.4pt;" valign="top" width="243">\n<p class="MsoNormal" style="text-align: justify; line-height: 150%; mso-pagination: widow-orphan lines-together;"><span style="mso-fareast-font-family: ''MS Mincho''; color: black; mso-fareast-language: JA;">Pengantar Teknologi Informasi</span></p>\n</td>\n<td style="mso-cell-special: placeholder; border: none; padding: 0in 0in 0in 0in;" width="1">\n<p class="MsoNormal">&nbsp;</p>\n</td>\n</tr>\n<tr style="mso-yfti-irow: 2; mso-row-margin-right: 1.1pt;">\n<td style="width: 2.25in; padding: 0in 5.4pt 0in 5.4pt;" valign="top" width="162">\n<p class="MsoNormal" style="margin-left: .3in; text-align: justify; text-indent: -9.0pt; line-height: 150%; mso-pagination: widow-orphan lines-together;"><span lang="SV" style="color: black; mso-ansi-language: SV;">b. Kode Mata Kuliah</span></p>\n</td>\n<td style="width: .25in; padding: 0in 5.4pt 0in 5.4pt;" valign="top" width="18">\n<p class="MsoNormal" style="text-align: center; line-height: 150%; mso-pagination: widow-orphan lines-together;" align="center"><span style="color: black; mso-bidi-font-weight: bold;">:</span></p>\n</td>\n<td style="width: 243.0pt; padding: 0in 5.4pt 0in 5.4pt;" valign="top" width="243">\n<p class="MsoNormal" style="text-align: justify; line-height: 150%; mso-pagination: widow-orphan lines-together;"><span style="mso-fareast-font-family: ''MS Mincho''; color: black; mso-fareast-language: JA;">IK300</span></p>\n</td>\n<td style="mso-cell-special: placeholder; border: none; padding: 0in 0in 0in 0in;" width="1">\n<p class="MsoNormal">&nbsp;</p>\n</td>\n</tr>\n<tr style="mso-yfti-irow: 3; mso-row-margin-right: 1.1pt;">\n<td style="width: 2.25in; padding: 0in 5.4pt 0in 5.4pt;" valign="top" width="162">\n<p class="MsoNormal" style="margin-left: .3in; text-align: justify; text-indent: -9.0pt; line-height: 150%; mso-pagination: widow-orphan lines-together;"><span lang="SV" style="color: black; mso-ansi-language: SV;">c. Jumlah SKS</span></p>\n</td>\n<td style="width: .25in; padding: 0in 5.4pt 0in 5.4pt;" valign="top" width="18">\n<p class="MsoNormal" style="text-align: center; line-height: 150%; mso-pagination: widow-orphan lines-together;" align="center"><span style="color: black; mso-bidi-font-weight: bold;">:</span></p>\n</td>\n<td style="width: 243.0pt; padding: 0in 5.4pt 0in 5.4pt;" valign="top" width="243">\n<p class="MsoNormal" style="text-align: justify; line-height: 150%; mso-pagination: widow-orphan lines-together;"><span style="mso-fareast-font-family: ''MS Mincho''; color: black; mso-fareast-language: JA;">2 SKS</span></p>\n</td>\n<td style="mso-cell-special: placeholder; border: none; padding: 0in 0in 0in 0in;" width="1">\n<p class="MsoNormal">&nbsp;</p>\n</td>\n</tr>\n<tr style="mso-yfti-irow: 4; mso-row-margin-right: 1.1pt;">\n<td style="width: 2.25in; padding: 0in 5.4pt 0in 5.4pt;" valign="top" width="162">\n<p class="MsoNormal" style="margin-left: .3in; text-align: justify; text-indent: -9.0pt; line-height: 150%; mso-pagination: widow-orphan lines-together;"><span lang="SV" style="color: black; mso-ansi-language: SV;">d. Semester</span></p>\n</td>\n<td style="width: .25in; padding: 0in 5.4pt 0in 5.4pt;" valign="top" width="18">\n<p class="MsoNormal" style="text-align: center; line-height: 150%; mso-pagination: widow-orphan lines-together;" align="center"><span style="color: black; mso-bidi-font-weight: bold;">:</span></p>\n</td>\n<td style="width: 243.0pt; padding: 0in 5.4pt 0in 5.4pt;" valign="top" width="243">\n<p class="MsoNormal" style="text-align: justify; line-height: 150%; mso-pagination: widow-orphan lines-together;"><span style="mso-fareast-font-family: ''MS Mincho''; color: black; mso-fareast-language: JA;">SMT-1</span></p>\n</td>\n<td style="mso-cell-special: placeholder; border: none; padding: 0in 0in 0in 0in;" width="1">\n<p class="MsoNormal">&nbsp;</p>\n</td>\n</tr>\n<tr style="mso-yfti-irow: 5; mso-row-margin-right: 1.1pt;">\n<td style="width: 2.25in; padding: 0in 5.4pt 0in 5.4pt;" valign="top" width="162">\n<p class="MsoNormal" style="margin-left: .3in; text-align: justify; text-indent: -9.0pt; line-height: 150%; mso-pagination: widow-orphan lines-together;"><span lang="SV" style="color: black; mso-ansi-language: SV;">e. Kelompok Mata Kuliah</span></p>\n</td>\n<td style="width: .25in; padding: 0in 5.4pt 0in 5.4pt;" valign="top" width="18">\n<p class="MsoNormal" style="text-align: center; line-height: 150%; mso-pagination: widow-orphan lines-together;" align="center"><span style="color: black; mso-bidi-font-weight: bold;">:</span></p>\n</td>\n<td style="width: 243.0pt; padding: 0in 5.4pt 0in 5.4pt;" valign="top" width="243">\n<p class="MsoNormal" style="text-align: justify; line-height: 150%; mso-pagination: widow-orphan lines-together;"><span style="color: black; mso-bidi-font-weight: bold;">MKK</span></p>\n</td>\n<td style="mso-cell-special: placeholder; border: none; padding: 0in 0in 0in 0in;" width="1">\n<p class="MsoNormal">&nbsp;</p>\n</td>\n</tr>\n<tr style="mso-yfti-irow: 6; mso-row-margin-right: 1.1pt;">\n<td style="width: 2.25in; padding: 0in 5.4pt 0in 5.4pt;" valign="top" width="162">\n<p class="MsoNormal" style="margin-left: .3in; text-align: justify; text-indent: -9.0pt; line-height: 150%; mso-pagination: widow-orphan lines-together;"><span lang="SV" style="color: black; mso-ansi-language: SV;">f. Program Studi</span></p>\n</td>\n<td style="width: .25in; padding: 0in 5.4pt 0in 5.4pt;" valign="top" width="18">\n<p class="MsoNormal" style="text-align: center; line-height: 150%; mso-pagination: widow-orphan lines-together;" align="center"><span style="color: black; mso-bidi-font-weight: bold;">:</span></p>\n</td>\n<td style="width: 243.0pt; padding: 0in 5.4pt 0in 5.4pt;" valign="top" width="243">\n<p class="MsoNormal" style="text-align: justify; line-height: 150%; mso-pagination: widow-orphan lines-together;">Ilmu Komputer, Pendidikan Ilmu Komputer</p>\n</td>\n<td style="mso-cell-special: placeholder; border: none; padding: 0in 0in 0in 0in;" width="1">\n<p class="MsoNormal">&nbsp;</p>\n</td>\n</tr>\n<tr style="mso-yfti-irow: 7; mso-row-margin-right: 1.1pt;">\n<td style="width: 2.25in; padding: 0in 5.4pt 0in 5.4pt;" valign="top" width="162">\n<p class="MsoNormal" style="margin-left: .3in; text-align: justify; text-indent: -9.0pt; line-height: 150%; mso-pagination: widow-orphan lines-together;"><span lang="SV" style="color: black; mso-ansi-language: SV;">g. Status Mata Kuliah</span></p>\n</td>\n<td style="width: .25in; padding: 0in 5.4pt 0in 5.4pt;" valign="top" width="18">\n<p class="MsoNormal" style="text-align: center; line-height: 150%; mso-pagination: widow-orphan lines-together;" align="center"><span style="color: black; mso-bidi-font-weight: bold;">:</span></p>\n</td>\n<td style="width: 243.0pt; padding: 0in 5.4pt 0in 5.4pt;" valign="top" width="243">\n<p class="MsoNormal" style="text-align: justify; line-height: 150%; mso-pagination: widow-orphan lines-together;"><span style="color: black; mso-bidi-font-weight: bold;">Dasar</span></p>\n</td>\n<td style="mso-cell-special: placeholder; border: none; padding: 0in 0in 0in 0in;" width="1">\n<p class="MsoNormal">&nbsp;</p>\n</td>\n</tr>\n<tr style="mso-yfti-irow: 8; mso-row-margin-right: 1.1pt;">\n<td style="width: 2.25in; padding: 0in 5.4pt 0in 5.4pt;" valign="top" width="162">\n<p class="MsoNormal" style="margin-left: .3in; text-align: justify; text-indent: -9.0pt; line-height: 150%; mso-pagination: widow-orphan lines-together;"><span lang="SV" style="color: black; mso-ansi-language: SV;">i. Prasyarat</span></p>\n</td>\n<td style="width: .25in; padding: 0in 5.4pt 0in 5.4pt;" valign="top" width="18">\n<p class="MsoNormal" style="text-align: center; line-height: 150%; mso-pagination: widow-orphan lines-together;" align="center"><span style="color: black; mso-bidi-font-weight: bold;">:</span></p>\n</td>\n<td style="width: 243.0pt; padding: 0in 5.4pt 0in 5.4pt;" valign="top" width="243">\n<p class="MsoNormal" style="text-align: justify; line-height: 150%; mso-pagination: widow-orphan lines-together;"><span style="color: black; mso-bidi-font-weight: bold;">-</span></p>\n</td>\n<td style="mso-cell-special: placeholder; border: none; padding: 0in 0in 0in 0in;" width="1">\n<p class="MsoNormal">&nbsp;</p>\n</td>\n</tr>\n<tr style="mso-yfti-irow: 9; mso-row-margin-right: 1.1pt;">\n<td style="width: 2.25in; padding: 0in 5.4pt 0in 5.4pt;" valign="top" width="162">\n<p class="MsoNormal" style="margin-left: .3in; text-align: justify; text-indent: -9.0pt; line-height: 150%; mso-pagination: widow-orphan lines-together;"><span lang="SV" style="color: black; mso-ansi-language: SV;">j. Dosen</span></p>\n</td>\n<td style="width: .25in; padding: 0in 5.4pt 0in 5.4pt;" valign="top" width="18">\n<p class="MsoNormal" style="text-align: center; line-height: 150%; mso-pagination: widow-orphan lines-together;" align="center"><span style="color: black; mso-bidi-font-weight: bold;">:</span></p>\n</td>\n<td style="width: 243.0pt; padding: 0in 5.4pt 0in 5.4pt;" valign="top" width="243">\n<p class="MsoNormal" style="text-align: justify; line-height: 150%; mso-pagination: widow-orphan lines-together;"><span style="color: black; mso-bidi-font-weight: bold;">Dr. Munir, M.IT</span></p>\n<p class="MsoNormal" style="text-align: justify; line-height: 150%; mso-pagination: widow-orphan lines-together;"><span style="color: black; mso-bidi-font-weight: bold;">Dr. Wawan Setiawan, M.Kom</span></p>\n<p class="MsoNormal" style="text-align: justify; line-height: 150%; mso-pagination: widow-orphan lines-together;"><span style="color: black; mso-bidi-font-weight: bold;">Sjahriani Datau, S.Si</span></p>\n</td>\n<td style="mso-cell-special: placeholder; border: none; padding: 0in 0in 0in 0in;" width="1">\n<p class="MsoNormal">&nbsp;</p>\n</td>\n</tr>\n<tr style="mso-yfti-irow: 10; mso-row-margin-right: 1.1pt;">\n<td style="width: 2.25in; padding: 0in 5.4pt 0in 5.4pt;" valign="top" width="162">\n<p class="MsoNormal" style="margin-left: .3in; text-align: justify; text-indent: -9.0pt; line-height: 150%; mso-pagination: widow-orphan lines-together;"><span style="color: black;">&nbsp;</span></p>\n</td>\n<td style="width: .25in; padding: 0in 5.4pt 0in 5.4pt;" valign="top" width="18">\n<p class="MsoNormal" style="text-align: center; line-height: 150%; mso-pagination: widow-orphan lines-together;" align="center"><span style="color: black; mso-bidi-font-weight: bold;">&nbsp;</span></p>\n</td>\n<td style="width: 243.0pt; padding: 0in 5.4pt 0in 5.4pt;" valign="top" width="243">\n<p class="MsoNormal" style="text-align: justify; line-height: 150%; mso-pagination: widow-orphan lines-together;"><span style="color: black; mso-bidi-font-weight: bold;">&nbsp;</span></p>\n</td>\n<td style="mso-cell-special: placeholder; border: none; padding: 0in 0in 0in 0in;" width="1">\n<p class="MsoNormal">&nbsp;</p>\n</td>\n</tr>\n<tr style="mso-yfti-irow: 11; height: 12.7pt;">\n<td style="width: 424.1pt; padding: 0in 5.4pt 0in 5.4pt; height: 12.7pt;" colspan="4" valign="top" width="424">\n<p class="MsoNormal" style="line-height: 150%;"><strong><span lang="DE" style="color: black; mso-ansi-language: DE;">2. Tujuan</span></strong></p>\n</td>\n</tr>\n<tr style="mso-yfti-irow: 12; mso-yfti-lastrow: yes; height: 19.8pt;">\n<td style="width: 424.1pt; padding: 0in 5.4pt 0in 5.4pt; height: 19.8pt;" colspan="4" valign="top" width="424">\n<p class="MsoNormal" style="mso-margin-top-alt: auto; mso-margin-bottom-alt: auto; text-align: justify; line-height: 150%;"><span lang="DE" style="color: black; mso-ansi-language: DE;">Agar mahasiswa dapat mengetahui funsi-fungsi peralatan teknologi informasi,<span style="mso-spacerun: yes;">&nbsp; </span>terutama dapat mengoperasikan sistem komputer dengan menggunakan berbagaisistem operasi.</span></p>\n</td>\n</tr>\n</tbody>\n</table>\n<p class="MsoNormal" style="text-align: justify; line-height: 150%; mso-pagination: widow-orphan lines-together;"><strong><span lang="DE" style="color: black; mso-ansi-language: DE;">&nbsp;</span></strong></p>\n<table class="MsoNormalTable" style="margin-left: 5.4pt; border-collapse: collapse; mso-yfti-tbllook: 480; mso-padding-alt: 0in 5.4pt 0in 5.4pt;" border="0" cellspacing="0" cellpadding="0">\n<tbody>\n<tr style="mso-yfti-irow: 0; mso-yfti-firstrow: yes; height: 12.0pt;">\n<td style="width: 424.1pt; padding: 0in 5.4pt 0in 5.4pt; height: 12.0pt;" valign="top" width="424">\n<p class="MsoNormal" style="line-height: 150%;"><strong><span lang="DE" style="color: black; mso-ansi-language: DE;">3. Deskripsi Isi</span></strong></p>\n</td>\n</tr>\n<tr style="mso-yfti-irow: 1; height: 19.8pt;">\n<td style="width: 424.1pt; padding: 0in 5.4pt 0in 5.4pt; height: 19.8pt;" valign="top" width="424">\n<p class="MsoNormal" style="mso-margin-top-alt: auto; mso-margin-bottom-alt: auto; text-align: justify; line-height: 150%;"><span lang="DE" style="color: black; mso-ansi-language: DE;">Pengenalan sistem operasi,<span style="mso-spacerun: yes;">&nbsp; </span>operasi file dan folder, utility, mode, konsep dasar sistem komputer, Input, pr</span><span lang="SV" style="color: black; mso-ansi-language: SV;">ocess, output dan storage device, sistem bilangan, dan teknologi multimedia.</span></p>\n</td>\n</tr>\n<tr style="mso-yfti-irow: 2; height: 12.25pt;">\n<td style="width: 424.1pt; padding: 0in 5.4pt 0in 5.4pt; height: 12.25pt;" valign="top" width="424">\n<p class="MsoNormal" style="mso-margin-top-alt: auto; mso-margin-bottom-alt: auto; text-align: justify; line-height: 150%;"><span lang="SV" style="color: black; mso-ansi-language: SV;">&nbsp;</span></p>\n</td>\n</tr>\n<tr style="mso-yfti-irow: 3; height: 9.35pt;">\n<td style="width: 424.1pt; padding: 0in 5.4pt 0in 5.4pt; height: 9.35pt;" valign="top" width="424">\n<p class="MsoNormal" style="line-height: 150%;"><strong><span lang="SV" style="color: black; mso-ansi-language: SV;">4. Pendekatan Pembelajaran</span></strong></p>\n</td>\n</tr>\n<tr style="mso-yfti-irow: 4; height: 19.8pt;">\n<td style="width: 424.1pt; padding: 0in 5.4pt 0in 5.4pt; height: 19.8pt;" valign="top" width="424">\n<p class="MsoNormal" style="text-align: justify; line-height: 150%; mso-pagination: widow-orphan lines-together;"><span lang="SV" style="color: black; mso-ansi-language: SV; mso-bidi-font-weight: bold;">Metode : Ceramah, Diskusi, Tanya Jawab, Presentasi Kelompok</span></p>\n<p class="MsoNormal" style="text-align: justify; line-height: 150%; mso-pagination: widow-orphan lines-together;"><span lang="SV" style="color: black; mso-ansi-language: SV; mso-bidi-font-weight: bold;">Tugas<span style="mso-spacerun: yes;">&nbsp;&nbsp; </span>: Individu, Kelompok, Mingguan, Kunjungan</span></p>\n<p class="MsoNormal" style="text-align: justify; line-height: 150%; mso-pagination: widow-orphan lines-together;"><span style="color: black; mso-bidi-font-weight: bold;">Media<span style="mso-spacerun: yes;">&nbsp;&nbsp;&nbsp; </span>: OHP, CD Projector, CD Interaktif, Courseware</span></p>\n</td>\n</tr>\n<tr style="mso-yfti-irow: 5; height: 11.5pt;">\n<td style="width: 424.1pt; padding: 0in 5.4pt 0in 5.4pt; height: 11.5pt;" valign="top" width="424">\n<p class="MsoNormal" style="text-align: justify; line-height: 150%; mso-pagination: widow-orphan lines-together;"><span style="color: black; mso-bidi-font-weight: bold;">&nbsp;</span></p>\n</td>\n</tr>\n<tr style="mso-yfti-irow: 6; height: 5.05pt;">\n<td style="width: 424.1pt; padding: 0in 5.4pt 0in 5.4pt; height: 5.05pt;" valign="top" width="424">\n<p class="MsoNormal" style="line-height: 150%;"><strong><span lang="SV" style="color: black; mso-ansi-language: SV;">5. Evaluasi</span></strong></p>\n</td>\n</tr>\n<tr style="mso-yfti-irow: 7; height: 10.4pt;">\n<td style="width: 424.1pt; padding: 0in 5.4pt 0in 5.4pt; height: 10.4pt;" valign="top" width="424">\n<p class="MsoNormal" style="text-align: justify; line-height: 150%; mso-pagination: widow-orphan lines-together;"><span lang="SV" style="color: black; mso-ansi-language: SV; mso-bidi-font-weight: bold;">Kehadiran, Tugas, Kuis, UTS, Kunjungan Studi, Kajian Mandiri, UAS.</span></p>\n</td>\n</tr>\n<tr style="mso-yfti-irow: 8; height: 6.8pt;">\n<td style="width: 424.1pt; padding: 0in 5.4pt 0in 5.4pt; height: 6.8pt;" valign="top" width="424">\n<p class="MsoNormal" style="text-align: justify; line-height: 150%; mso-pagination: widow-orphan lines-together;"><span lang="SV" style="color: black; mso-ansi-language: SV; mso-bidi-font-weight: bold;">&nbsp;</span></p>\n</td>\n</tr>\n<tr style="mso-yfti-irow: 9; height: 14.2pt;">\n<td style="width: 424.1pt; padding: 0in 5.4pt 0in 5.4pt; height: 14.2pt;" valign="top" width="424">\n<p class="MsoNormal" style="text-align: justify; line-height: 150%; mso-pagination: widow-orphan lines-together;"><strong style="mso-bidi-font-weight: normal;"><span lang="SV" style="color: black; mso-ansi-language: SV;">6. Rincian Materi Perkuliahan Tiap Pertemuan</span></strong></p>\n</td>\n</tr>\n<tr style="mso-yfti-irow: 10; height: 8.5pt;">\n<td style="width: 424.1pt; padding: 0in 5.4pt 0in 5.4pt; height: 8.5pt;" valign="top" width="424">\n<p class="MsoNormal" style="text-align: justify; line-height: 150%; mso-pagination: widow-orphan lines-together;"><span lang="ES" style="color: black; mso-ansi-language: ES; mso-bidi-font-weight: bold;">Pertemuan-1 : Pendahuluan, Dasar-Dasar IT</span></p>\n</td>\n</tr>\n<tr style="mso-yfti-irow: 11; height: 13.9pt;">\n<td style="width: 424.1pt; padding: 0in 5.4pt 0in 5.4pt; height: 13.9pt;" valign="top" width="424">\n<p class="MsoNormal" style="text-align: justify; line-height: 150%; mso-pagination: widow-orphan lines-together;"><span lang="SV" style="color: black; mso-ansi-language: SV; mso-bidi-font-weight: bold;">Pertemuan-2 : Etika IT</span></p>\n</td>\n</tr>\n<tr style="mso-yfti-irow: 12; height: 8.9pt;">\n<td style="width: 424.1pt; padding: 0in 5.4pt 0in 5.4pt; height: 8.9pt;" valign="top" width="424">\n<p class="MsoNormal" style="text-align: justify; line-height: 150%; mso-pagination: widow-orphan lines-together;"><span lang="SV" style="color: black; mso-ansi-language: SV; mso-bidi-font-weight: bold;">Pertemuan-3 : Sejarah IT</span></p>\n</td>\n</tr>\n<tr style="mso-yfti-irow: 13; height: 14.3pt;">\n<td style="width: 424.1pt; padding: 0in 5.4pt 0in 5.4pt; height: 14.3pt;" valign="top" width="424">\n<p class="MsoNormal" style="text-align: justify; line-height: 150%; mso-pagination: widow-orphan lines-together;"><span lang="SV" style="color: black; mso-ansi-language: SV; mso-bidi-font-weight: bold;">Pertemuan-4 : Peralatan IT </span></p>\n</td>\n</tr>\n<tr style="mso-yfti-irow: 14; height: 8.55pt;">\n<td style="width: 424.1pt; padding: 0in 5.4pt 0in 5.4pt; height: 8.55pt;" valign="top" width="424">\n<p class="MsoNormal" style="text-align: justify; line-height: 150%; mso-pagination: widow-orphan lines-together;"><span lang="SV" style="color: black; mso-ansi-language: SV; mso-bidi-font-weight: bold;">Pertemuan-5 : Sistem Komputer</span></p>\n</td>\n</tr>\n<tr style="mso-yfti-irow: 15; height: 14.0pt;">\n<td style="width: 424.1pt; padding: 0in 5.4pt 0in 5.4pt; height: 14.0pt;" valign="top" width="424">\n<p class="MsoNormal" style="text-align: justify; line-height: 150%; mso-pagination: widow-orphan lines-together;"><span lang="SV" style="color: black; mso-ansi-language: SV; mso-bidi-font-weight: bold;">Pertemuan-6 : Input dan Output Device</span></p>\n</td>\n</tr>\n<tr style="mso-yfti-irow: 16; height: 9.7pt;">\n<td style="width: 424.1pt; padding: 0in 5.4pt 0in 5.4pt; height: 9.7pt;" valign="top" width="424">\n<p class="MsoNormal" style="text-align: justify; line-height: 150%; mso-pagination: widow-orphan lines-together;"><span lang="SV" style="color: black; mso-ansi-language: SV; mso-bidi-font-weight: bold;">Pertemuan-7 : Media Penyimpan Eksternal</span></p>\n</td>\n</tr>\n<tr style="mso-yfti-irow: 17; height: .2in;">\n<td style="width: 424.1pt; padding: 0in 5.4pt 0in 5.4pt; height: .2in;" valign="top" width="424">\n<p class="MsoNormal" style="text-align: justify; line-height: 150%; mso-pagination: widow-orphan lines-together;"><span lang="SV" style="color: black; mso-ansi-language: SV; mso-bidi-font-weight: bold;">Pertemuan-8 : Perangkat Lunak Sistem</span></p>\n</td>\n</tr>\n<tr style="mso-yfti-irow: 18; height: 9.4pt;">\n<td style="width: 424.1pt; padding: 0in 5.4pt 0in 5.4pt; height: 9.4pt;" valign="top" width="424">\n<p class="MsoNormal" style="text-align: justify; line-height: 150%; mso-pagination: widow-orphan lines-together;"><span lang="SV" style="color: black; mso-ansi-language: SV; mso-bidi-font-weight: bold;">Pertemuan-9 : Ujian Tengan Semester</span></p>\n</td>\n</tr>\n<tr style="mso-yfti-irow: 19; height: 14.8pt;">\n<td style="width: 424.1pt; padding: 0in 5.4pt 0in 5.4pt; height: 14.8pt;" valign="top" width="424">\n<p class="MsoNormal" style="text-align: justify; line-height: 150%; mso-pagination: widow-orphan lines-together;"><span lang="SV" style="color: black; mso-ansi-language: SV; mso-bidi-font-weight: bold;">Pertemuan-10 : Perangkat Lunak Aplikasi</span></p>\n</td>\n</tr>\n<tr style="mso-yfti-irow: 20; height: 8.4pt;">\n<td style="width: 424.1pt; padding: 0in 5.4pt 0in 5.4pt; height: 8.4pt;" valign="top" width="424">\n<p class="MsoNormal" style="text-align: justify; line-height: 150%; mso-pagination: widow-orphan lines-together;"><span lang="SV" style="color: black; mso-ansi-language: SV; mso-bidi-font-weight: bold;">Pertemuan-11: Kecerdasan Buatan</span></p>\n</td>\n</tr>\n<tr style="mso-yfti-irow: 21; height: 13.8pt;">\n<td style="width: 424.1pt; padding: 0in 5.4pt 0in 5.4pt; height: 13.8pt;" valign="top" width="424">\n<p class="MsoNormal" style="text-align: justify; line-height: 150%; mso-pagination: widow-orphan lines-together;"><span lang="SV" style="color: black; mso-ansi-language: SV; mso-bidi-font-weight: bold;">Pertemuan-12 : Teknologi Komunikasi dan Jaringan</span></p>\n</td>\n</tr>\n<tr style="mso-yfti-irow: 22; height: 9.5pt;">\n<td style="width: 424.1pt; padding: 0in 5.4pt 0in 5.4pt; height: 9.5pt;" valign="top" width="424">\n<p class="MsoNormal" style="text-align: justify; line-height: 150%; mso-pagination: widow-orphan lines-together;"><span lang="SV" style="color: black; mso-ansi-language: SV; mso-bidi-font-weight: bold;">Pertemuan-13 :Internet</span></p>\n</td>\n</tr>\n<tr style="mso-yfti-irow: 23; height: 14.2pt;">\n<td style="width: 424.1pt; padding: 0in 5.4pt 0in 5.4pt; height: 14.2pt;" valign="top" width="424">\n<p class="MsoNormal" style="text-align: justify; line-height: 150%; mso-pagination: widow-orphan lines-together;"><span lang="SV" style="color: black; mso-ansi-language: SV; mso-bidi-font-weight: bold;">Pertemuan-14: Basis Data</span></p>\n</td>\n</tr>\n<tr style="mso-yfti-irow: 24; height: 9.2pt;">\n<td style="width: 424.1pt; padding: 0in 5.4pt 0in 5.4pt; height: 9.2pt;" valign="top" width="424">\n<p class="MsoNormal" style="text-align: justify; line-height: 150%; mso-pagination: widow-orphan lines-together;"><span lang="SV" style="color: black; mso-ansi-language: SV; mso-bidi-font-weight: bold;">Pertemuan-15: Sistem Informasi</span></p>\n</td>\n</tr>\n<tr style="mso-yfti-irow: 25; height: 14.6pt;">\n<td style="width: 424.1pt; padding: 0in 5.4pt 0in 5.4pt; height: 14.6pt;" valign="top" width="424">\n<p class="MsoNormal" style="text-align: justify; line-height: 150%; mso-pagination: widow-orphan lines-together;"><span lang="SV" style="color: black; mso-ansi-language: SV; mso-bidi-font-weight: bold;">Pertemuan-16 : Ujian Akhir Semester</span></p>\n</td>\n</tr>\n<tr style="mso-yfti-irow: 26; height: 8.9pt;">\n<td style="width: 424.1pt; padding: 0in 5.4pt 0in 5.4pt; height: 8.9pt;" valign="top" width="424">\n<p class="MsoNormal" style="text-align: justify; line-height: 150%; mso-pagination: widow-orphan lines-together;"><span lang="SV" style="color: black; mso-ansi-language: SV; mso-bidi-font-weight: bold;">&nbsp;</span></p>\n</td>\n</tr>\n<tr style="mso-yfti-irow: 27; height: 14.3pt;">\n<td style="width: 424.1pt; padding: 0in 5.4pt 0in 5.4pt; height: 14.3pt;" valign="top" width="424">\n<p class="MsoNormal" style="text-align: justify; line-height: 150%; mso-pagination: widow-orphan lines-together;"><strong style="mso-bidi-font-weight: normal;"><span lang="SV" style="color: black; mso-ansi-language: SV;">7. Daftar Pustaka</span></strong></p>\n</td>\n</tr>\n<tr style="mso-yfti-irow: 28; height: 9.3pt;">\n<td style="width: 424.1pt; padding: 0in 5.4pt 0in 5.4pt; height: 9.3pt;" valign="top" width="424">\n<p class="MsoNormal" style="text-align: justify; line-height: 150%; mso-pagination: widow-orphan lines-together;"><span lang="SV" style="color: black; mso-ansi-language: SV; mso-bidi-font-weight: bold;">Buku Utama :</span></p>\n</td>\n</tr>\n<tr style="mso-yfti-irow: 29; height: 14.0pt;">\n<td style="width: 424.1pt; padding: 0in 5.4pt 0in 5.4pt; height: 14.0pt;" valign="top" width="424"><ol style="margin-top: 0in;" start="1" type="1">\n<li class="MsoNormal" style="color: black; text-align: justify; line-height: 150%; mso-pagination: widow-orphan lines-together; mso-list: l1 level1 lfo2; tab-stops: list .5in;">Frenzel, Louis E., (1989), <em><span style="color: windowtext;">Communication Electronic </span></em>, Mc Graw Hill , New York .</li>\n</ol></td>\n</tr>\n<tr style="mso-yfti-irow: 30; height: 9.0pt;">\n<td style="width: 424.1pt; padding: 0in 5.4pt 0in 5.4pt; height: 9.0pt;" valign="top" width="424">\n<p class="MsoNormal" style="text-align: justify; line-height: 150%; mso-pagination: widow-orphan lines-together;"><span style="color: black; mso-bidi-font-weight: bold;">&nbsp;</span></p>\n</td>\n</tr>\n<tr style="mso-yfti-irow: 31; height: .2in;">\n<td style="width: 424.1pt; padding: 0in 5.4pt 0in 5.4pt; height: .2in;" valign="top" width="424">\n<p class="MsoNormal" style="text-align: justify; line-height: 150%; mso-pagination: widow-orphan lines-together;"><span lang="SV" style="color: black; mso-ansi-language: SV; mso-bidi-font-weight: bold;">Buku Pelengkap :</span></p>\n</td>\n</tr>\n<tr style="mso-yfti-irow: 32; height: 33.2pt;">\n<td style="width: 424.1pt; padding: 0in 5.4pt 0in 5.4pt; height: 33.2pt;" valign="top" width="424">\n<p class="MsoNormal" style="mso-margin-top-alt: auto; mso-margin-bottom-alt: auto; margin-left: .55in; text-align: justify; text-indent: -.25in; line-height: 150%; mso-list: l0 level1 lfo1; tab-stops: list .55in;"><!--[if !supportLists]--><span style="color: black;"><span style="mso-list: Ignore;">1.<span style="font: 7.0pt ''Times New Roman'';">&nbsp;&nbsp;&nbsp;&nbsp; </span></span></span><!--[endif]--><span style="color: black;">Andleigh, P.K, and Thakrar, K., (1996), </span><em>Multimedia System Design </em><span style="color: black;">, Prentice Hall Inc. </span></p>\n</td>\n</tr>\n<tr style="mso-yfti-irow: 33; mso-yfti-lastrow: yes; height: 24.3pt;">\n<td style="width: 424.1pt; padding: 0in 5.4pt 0in 5.4pt; height: 24.3pt;" valign="top" width="424">\n<p class="MsoNormal" style="mso-margin-top-alt: auto; mso-margin-bottom-alt: auto; margin-left: .55in; text-align: justify; text-indent: -.25in; line-height: 150%; mso-list: l0 level1 lfo1; tab-stops: list .55in;"><!--[if !supportLists]--><span style="color: black;"><span style="mso-list: Ignore;">2.<span style="font: 7.0pt ''Times New Roman'';">&nbsp;&nbsp;&nbsp;&nbsp; </span></span></span><!--[endif]--><span style="color: black;">Chute, A.G, Thompson, M.M., and Hancock, B.W, (1998), </span><em>The Mc Graw Hill handbook of distance learning, </em><span style="color: black;">Mc Graw Hill, New York. </span></p>\n</td>\n</tr>\n</tbody>\n</table>\n<p><!--[if !mso]>\n<style>\nv\\:* {behavior:url(#default#VML);}\no\\:* {behavior:url(#default#VML);}\nw\\:* {behavior:url(#default#VML);}\n.shape {behavior:url(#default#VML);}\n</style>\n<![endif]--><!--[if gte mso 9]><xml>\n <o:OfficeDocumentSettings>\n  <o:PixelsPerInch>96</o:PixelsPerInch>\n  <o:TargetScreenSize>800x600</o:TargetScreenSize>\n </o:OfficeDocumentSettings>\n</xml><![endif]--> <!--[if gte mso 9]><xml>\n <w:WordDocument>\n  <w:View>Normal</w:View>\n  <w:Zoom>0</w:Zoom>\n  <w:TrackMoves/>\n  <w:TrackFormatting/>\n  <w:PunctuationKerning/>\n  <w:ValidateAgainstSchemas/>\n  <w:SaveIfXMLInvalid>false</w:SaveIfXMLInvalid>\n  <w:IgnoreMixedContent>false</w:IgnoreMixedContent>\n  <w:AlwaysShowPlaceholderText>false</w:AlwaysShowPlaceholderText>\n  <w:DoNotPromoteQF/>\n  <w:LidThemeOther>EN-US</w:LidThemeOther>\n  <w:LidThemeAsian>JA</w:LidThemeAsian>\n  <w:LidThemeComplexScript>X-NONE</w:LidThemeComplexScript>\n  <w:Compatibility>\n   <w:BreakWrappedTables/>\n   <w:SnapToGridInCell/>\n   <w:WrapTextWithPunct/>\n   <w:UseAsianBreakRules/>\n   <w:DontGrowAutofit/>\n   <w:SplitPgBreakAndParaMark/>\n   <w:EnableOpenTypeKerning/>\n   <w:DontFlipMirrorIndents/>\n   <w:OverrideTableStyleHps/>\n  </w:Compatibility>\n  <m:mathPr>\n   <m:mathFont m:val="Cambria Math"/>\n   <m:brkBin m:val="before"/>\n   <m:brkBinSub m:val="--"/>\n   <m:smallFrac m:val="off"/>\n   <m:dispDef/>\n   <m:lMargin m:val="0"/>\n   <m:rMargin m:val="0"/>\n   <m:defJc m:val="centerGroup"/>\n   <m:wrapIndent m:val="1440"/>\n   <m:intLim m:val="subSup"/>\n   <m:naryLim m:val="undOvr"/>\n  </m:mathPr></w:WordDocument>\n</xml><![endif]--><!--[if gte mso 9]><xml>\n <w:LatentStyles DefLockedState="false" DefUnhideWhenUsed="true"\n  DefSemiHidden="true" DefQFormat="false" DefPriority="99"\n  LatentStyleCount="276">\n  <w:LsdException Locked="false" Priority="0" SemiHidden="false"\n   UnhideWhenUsed="false" QFormat="true" Name="Normal"/>\n  <w:LsdException Locked="false" Priority="0" SemiHidden="false"\n   UnhideWhenUsed="false" QFormat="true" Name="heading 1"/>\n  <w:LsdException Locked="false" Priority="9" QFormat="true" Name="heading 2"/>\n  <w:LsdException Locked="false" Priority="9" QFormat="true" Name="heading 3"/>\n  <w:LsdException Locked="false" Priority="0" QFormat="true" Name="heading 4"/>\n  <w:LsdException Locked="false" Priority="9" QFormat="true" Name="heading 5"/>\n  <w:LsdException Locked="false" Priority="9" QFormat="true" Name="heading 6"/>\n  <w:LsdException Locked="false" Priority="9" QFormat="true" Name="heading 7"/>\n  <w:LsdException Locked="false" Priority="9" QFormat="true" Name="heading 8"/>\n  <w:LsdException Locked="false" Priority="9" QFormat="true" Name="heading 9"/>\n  <w:LsdException Locked="false" Priority="39" Name="toc 1"/>\n  <w:LsdException Locked="false" Priority="39" Name="toc 2"/>\n  <w:LsdException Locked="false" Priority="39" Name="toc 3"/>\n  <w:LsdException Locked="false" Priority="39" Name="toc 4"/>\n  <w:LsdException Locked="false" Priority="39" Name="toc 5"/>\n  <w:LsdException Locked="false" Priority="39" Name="toc 6"/>\n  <w:LsdException Locked="false" Priority="39" Name="toc 7"/>\n  <w:LsdException Locked="false" Priority="39" Name="toc 8"/>\n  <w:LsdException Locked="false" Priority="39" Name="toc 9"/>\n  <w:LsdException Locked="false" Priority="0" Name="header"/>\n  <w:LsdException Locked="false" Priority="0" Name="footer"/>\n  <w:LsdException Locked="false" Priority="35" QFormat="true" Name="caption"/>\n  <w:LsdException Locked="false" Priority="0" Name="page number"/>\n  <w:LsdException Locked="false" Priority="10" SemiHidden="false"\n   UnhideWhenUsed="false" QFormat="true" Name="Title"/>\n  <w:LsdException Locked="false" Priority="0" Name="Default Paragraph Font"/>\n  <w:LsdException Locked="false" Priority="0" Name="Body Text"/>\n  <w:LsdException Locked="false" Priority="11" SemiHidden="false"\n   UnhideWhenUsed="false" QFormat="true" Name="Subtitle"/>\n  <w:LsdException Locked="false" Priority="22" SemiHidden="false"\n   UnhideWhenUsed="false" QFormat="true" Name="Strong"/>\n  <w:LsdException Locked="false" Priority="0" SemiHidden="false"\n   UnhideWhenUsed="false" QFormat="true" Name="Emphasis"/>\n  <w:LsdException Locked="false" Priority="59" SemiHidden="false"\n   UnhideWhenUsed="false" Name="Table Grid"/>\n  <w:LsdException Locked="false" UnhideWhenUsed="false" Name="Placeholder Text"/>\n  <w:LsdException Locked="false" Priority="1" SemiHidden="false"\n   UnhideWhenUsed="false" QFormat="true" Name="No Spacing"/>\n  <w:LsdException Locked="false" Priority="60" SemiHidden="false"\n   UnhideWhenUsed="false" Name="Light Shading"/>\n  <w:LsdException Locked="false" Priority="61" SemiHidden="false"\n   UnhideWhenUsed="false" Name="Light List"/>\n  <w:LsdException Locked="false" Priority="62" SemiHidden="false"\n   UnhideWhenUsed="false" Name="Light Grid"/>\n  <w:LsdException Locked="false" Priority="63" SemiHidden="false"\n   UnhideWhenUsed="false" Name="Medium Shading 1"/>\n  <w:LsdException Locked="false" Priority="64" SemiHidden="false"\n   UnhideWhenUsed="false" Name="Medium Shading 2"/>\n  <w:LsdException Locked="false" Priority="65" SemiHidden="false"\n   UnhideWhenUsed="false" Name="Medium List 1"/>\n  <w:LsdException Locked="false" Priority="66" SemiHidden="false"\n   UnhideWhenUsed="false" Name="Medium List 2"/>\n  <w:LsdException Locked="false" Priority="67" SemiHidden="false"\n   UnhideWhenUsed="false" Name="Medium Grid 1"/>\n  <w:LsdException Locked="false" Priority="68" SemiHidden="false"\n   UnhideWhenUsed="false" Name="Medium Grid 2"/>\n  <w:LsdException Locked="false" Priority="69" SemiHidden="false"\n   UnhideWhenUsed="false" Name="Medium Grid 3"/>\n  <w:LsdException Locked="false" Priority="70" SemiHidden="false"\n   UnhideWhenUsed="false" Name="Dark List"/>\n  <w:LsdException Locked="false" Priority="71" SemiHidden="false"\n   UnhideWhenUsed="false" Name="Colorful Shading"/>\n  <w:LsdException Locked="false" Priority="72" SemiHidden="false"\n   UnhideWhenUsed="false" Name="Colorful List"/>\n  <w:LsdException Locked="false" Priority="73" SemiHidden="false"\n   UnhideWhenUsed="false" Name="Colorful Grid"/>\n  <w:LsdException Locked="false" Priority="60" SemiHidden="false"\n   UnhideWhenUsed="false" Name="Light Shading Accent 1"/>\n  <w:LsdException Locked="false" Priority="61" SemiHidden="false"\n   UnhideWhenUsed="false" Name="Light List Accent 1"/>\n  <w:LsdException Locked="false" Priority="62" SemiHidden="false"\n   UnhideWhenUsed="false" Name="Light Grid Accent 1"/>\n  <w:LsdException Locked="false" Priority="63" SemiHidden="false"\n   UnhideWhenUsed="false" Name="Medium Shading 1 Accent 1"/>\n  <w:LsdException Locked="false" Priority="64" SemiHidden="false"\n   UnhideWhenUsed="false" Name="Medium Shading 2 Accent 1"/>\n  <w:LsdException Locked="false" Priority="65" SemiHidden="false"\n   UnhideWhenUsed="false" Name="Medium List 1 Accent 1"/>\n  <w:LsdException Locked="false" UnhideWhenUsed="false" Name="Revision"/>\n  <w:LsdException Locked="false" Priority="34" SemiHidden="false"\n   UnhideWhenUsed="false" QFormat="true" Name="List Paragraph"/>\n  <w:LsdException Locked="false" Priority="29" SemiHidden="false"\n   UnhideWhenUsed="false" QFormat="true" Name="Quote"/>\n  <w:LsdException Locked="false" Priority="30" SemiHidden="false"\n   UnhideWhenUsed="false" QFormat="true" Name="Intense Quote"/>\n  <w:LsdException Locked="false" Priority="66" SemiHidden="false"\n   UnhideWhenUsed="false" Name="Medium List 2 Accent 1"/>\n  <w:LsdException Locked="false" Priority="67" SemiHidden="false"\n   UnhideWhenUsed="false" Name="Medium Grid 1 Accent 1"/>\n  <w:LsdException Locked="false" Priority="68" SemiHidden="false"\n   UnhideWhenUsed="false" Name="Medium Grid 2 Accent 1"/>\n  <w:LsdException Locked="false" Priority="69" SemiHidden="false"\n   UnhideWhenUsed="false" Name="Medium Grid 3 Accent 1"/>\n  <w:LsdException Locked="false" Priority="70" SemiHidden="false"\n   UnhideWhenUsed="false" Name="Dark List Accent 1"/>\n  <w:LsdException Locked="false" Priority="71" SemiHidden="false"\n   UnhideWhenUsed="false" Name="Colorful Shading Accent 1"/>\n  <w:LsdException Locked="false" Priority="72" SemiHidden="false"\n   UnhideWhenUsed="false" Name="Colorful List Accent 1"/>\n  <w:LsdException Locked="false" Priority="73" SemiHidden="false"\n   UnhideWhenUsed="false" Name="Colorful Grid Accent 1"/>\n  <w:LsdException Locked="false" Priority="60" SemiHidden="false"\n   UnhideWhenUsed="false" Name="Light Shading Accent 2"/>\n  <w:LsdException Locked="false" Priority="61" SemiHidden="false"\n   UnhideWhenUsed="false" Name="Light List Accent 2"/>\n  <w:LsdException Locked="false" Priority="62" SemiHidden="false"\n   UnhideWhenUsed="false" Name="Light Grid Accent 2"/>\n  <w:LsdException Locked="false" Priority="63" SemiHidden="false"\n   UnhideWhenUsed="false" Name="Medium Shading 1 Accent 2"/>\n  <w:LsdException Locked="false" Priority="64" SemiHidden="false"\n   UnhideWhenUsed="false" Name="Medium Shading 2 Accent 2"/>\n  <w:LsdException Locked="false" Priority="65" SemiHidden="false"\n   UnhideWhenUsed="false" Name="Medium List 1 Accent 2"/>\n  <w:LsdException Locked="false" Priority="66" SemiHidden="false"\n   UnhideWhenUsed="false" Name="Medium List 2 Accent 2"/>\n  <w:LsdException Locked="false" Priority="67" SemiHidden="false"\n   UnhideWhenUsed="false" Name="Medium Grid 1 Accent 2"/>\n  <w:LsdException Locked="false" Priority="68" SemiHidden="false"\n   UnhideWhenUsed="false" Name="Medium Grid 2 Accent 2"/>\n  <w:LsdException Locked="false" Priority="69" SemiHidden="false"\n   UnhideWhenUsed="false" Name="Medium Grid 3 Accent 2"/>\n  <w:LsdException Locked="false" Priority="70" SemiHidden="false"\n   UnhideWhenUsed="false" Name="Dark List Accent 2"/>\n  <w:LsdException Locked="false" Priority="71" SemiHidden="false"\n   UnhideWhenUsed="false" Name="Colorful Shading Accent 2"/>\n  <w:LsdException Locked="false" Priority="72" SemiHidden="false"\n   UnhideWhenUsed="false" Name="Colorful List Accent 2"/>\n  <w:LsdException Locked="false" Priority="73" SemiHidden="false"\n   UnhideWhenUsed="false" Name="Colorful Grid Accent 2"/>\n  <w:LsdException Locked="false" Priority="60" SemiHidden="false"\n   UnhideWhenUsed="false" Name="Light Shading Accent 3"/>\n  <w:LsdException Locked="false" Priority="61" SemiHidden="false"\n   UnhideWhenUsed="false" Name="Light List Accent 3"/>\n  <w:LsdException Locked="false" Priority="62" SemiHidden="false"\n   UnhideWhenUsed="false" Name="Light Grid Accent 3"/>\n  <w:LsdException Locked="false" Priority="63" SemiHidden="false"\n   UnhideWhenUsed="false" Name="Medium Shading 1 Accent 3"/>\n  <w:LsdException Locked="false" Priority="64" SemiHidden="false"\n   UnhideWhenUsed="false" Name="Medium Shading 2 Accent 3"/>\n  <w:LsdException Locked="false" Priority="65" SemiHidden="false"\n   UnhideWhenUsed="false" Name="Medium List 1 Accent 3"/>\n  <w:LsdException Locked="false" Priority="66" SemiHidden="false"\n   UnhideWhenUsed="false" Name="Medium List 2 Accent 3"/>\n  <w:LsdException Locked="false" Priority="67" SemiHidden="false"\n   UnhideWhenUsed="false" Name="Medium Grid 1 Accent 3"/>\n  <w:LsdException Locked="false" Priority="68" SemiHidden="false"\n   UnhideWhenUsed="false" Name="Medium Grid 2 Accent 3"/>\n  <w:LsdException Locked="false" Priority="69" SemiHidden="false"\n   UnhideWhenUsed="false" Name="Medium Grid 3 Accent 3"/>\n  <w:LsdException Locked="false" Priority="70" SemiHidden="false"\n   UnhideWhenUsed="false" Name="Dark List Accent 3"/>\n  <w:LsdException Locked="false" Priority="71" SemiHidden="false"\n   UnhideWhenUsed="false" Name="Colorful Shading Accent 3"/>\n  <w:LsdException Locked="false" Priority="72" SemiHidden="false"\n   UnhideWhenUsed="false" Name="Colorful List Accent 3"/>\n  <w:LsdException Locked="false" Priority="73" SemiHidden="false"\n   UnhideWhenUsed="false" Name="Colorful Grid Accent 3"/>\n  <w:LsdException Locked="false" Priority="60" SemiHidden="false"\n   UnhideWhenUsed="false" Name="Light Shading Accent 4"/>\n  <w:LsdException Locked="false" Priority="61" SemiHidden="false"\n   UnhideWhenUsed="false" Name="Light List Accent 4"/>\n  <w:LsdException Locked="false" Priority="62" SemiHidden="false"\n   UnhideWhenUsed="false" Name="Light Grid Accent 4"/>\n  <w:LsdException Locked="false" Priority="63" SemiHidden="false"\n   UnhideWhenUsed="false" Name="Medium Shading 1 Accent 4"/>\n  <w:LsdException Locked="false" Priority="64" SemiHidden="false"\n   UnhideWhenUsed="false" Name="Medium Shading 2 Accent 4"/>\n  <w:LsdException Locked="false" Priority="65" SemiHidden="false"\n   UnhideWhenUsed="false" Name="Medium List 1 Accent 4"/>\n  <w:LsdException Locked="false" Priority="66" SemiHidden="false"\n   UnhideWhenUsed="false" Name="Medium List 2 Accent 4"/>\n  <w:LsdException Locked="false" Priority="67" SemiHidden="false"\n   UnhideWhenUsed="false" Name="Medium Grid 1 Accent 4"/>\n  <w:LsdException Locked="false" Priority="68" SemiHidden="false"\n   UnhideWhenUsed="false" Name="Medium Grid 2 Accent 4"/>\n  <w:LsdException Locked="false" Priority="69" SemiHidden="false"\n   UnhideWhenUsed="false" Name="Medium Grid 3 Accent 4"/>\n  <w:LsdException Locked="false" Priority="70" SemiHidden="false"\n   UnhideWhenUsed="false" Name="Dark List Accent 4"/>\n  <w:LsdException Locked="false" Priority="71" SemiHidden="false"\n   UnhideWhenUsed="false" Name="Colorful Shading Accent 4"/>\n  <w:LsdException Locked="false" Priority="72" SemiHidden="false"\n   UnhideWhenUsed="false" Name="Colorful List Accent 4"/>\n  <w:LsdException Locked="false" Priority="73" SemiHidden="false"\n   UnhideWhenUsed="false" Name="Colorful Grid Accent 4"/>\n  <w:LsdException Locked="false" Priority="60" SemiHidden="false"\n   UnhideWhenUsed="false" Name="Light Shading Accent 5"/>\n  <w:LsdException Locked="false" Priority="61" SemiHidden="false"\n   UnhideWhenUsed="false" Name="Light List Accent 5"/>\n  <w:LsdException Locked="false" Priority="62" SemiHidden="false"\n   UnhideWhenUsed="false" Name="Light Grid Accent 5"/>\n  <w:LsdException Locked="false" Priority="63" SemiHidden="false"\n   UnhideWhenUsed="false" Name="Medium Shading 1 Accent 5"/>\n  <w:LsdException Locked="false" Priority="64" SemiHidden="false"\n   UnhideWhenUsed="false" Name="Medium Shading 2 Accent 5"/>\n  <w:LsdException Locked="false" Priority="65" SemiHidden="false"\n   UnhideWhenUsed="false" Name="Medium List 1 Accent 5"/>\n  <w:LsdException Locked="false" Priority="66" SemiHidden="false"\n   UnhideWhenUsed="false" Name="Medium List 2 Accent 5"/>\n  <w:LsdException Locked="false" Priority="67" SemiHidden="false"\n   UnhideWhenUsed="false" Name="Medium Grid 1 Accent 5"/>\n  <w:LsdException Locked="false" Priority="68" SemiHidden="false"\n   UnhideWhenUsed="false" Name="Medium Grid 2 Accent 5"/>\n  <w:LsdException Locked="false" Priority="69" SemiHidden="false"\n   UnhideWhenUsed="false" Name="Medium Grid 3 Accent 5"/>\n  <w:LsdException Locked="false" Priority="70" SemiHidden="false"\n   UnhideWhenUsed="false" Name="Dark List Accent 5"/>\n  <w:LsdException Locked="false" Priority="71" SemiHidden="false"\n   UnhideWhenUsed="false" Name="Colorful Shading Accent 5"/>\n  <w:LsdException Locked="false" Priority="72" SemiHidden="false"\n   UnhideWhenUsed="false" Name="Colorful List Accent 5"/>\n  <w:LsdException Locked="false" Priority="73" SemiHidden="false"\n   UnhideWhenUsed="false" Name="Colorful Grid Accent 5"/>\n  <w:LsdException Locked="false" Priority="60" SemiHidden="false"\n   UnhideWhenUsed="false" Name="Light Shading Accent 6"/>\n  <w:LsdException Locked="false" Priority="61" SemiHidden="false"\n   UnhideWhenUsed="false" Name="Light List Accent 6"/>\n  <w:LsdException Locked="false" Priority="62" SemiHidden="false"\n   UnhideWhenUsed="false" Name="Light Grid Accent 6"/>\n  <w:LsdException Locked="false" Priority="63" SemiHidden="false"\n   UnhideWhenUsed="false" Name="Medium Shading 1 Accent 6"/>\n  <w:LsdException Locked="false" Priority="64" SemiHidden="false"\n   UnhideWhenUsed="false" Name="Medium Shading 2 Accent 6"/>\n  <w:LsdException Locked="false" Priority="65" SemiHidden="false"\n   UnhideWhenUsed="false" Name="Medium List 1 Accent 6"/>\n  <w:LsdException Locked="false" Priority="66" SemiHidden="false"\n   UnhideWhenUsed="false" Name="Medium List 2 Accent 6"/>\n  <w:LsdException Locked="false" Priority="67" SemiHidden="false"\n   UnhideWhenUsed="false" Name="Medium Grid 1 Accent 6"/>\n  <w:LsdException Locked="false" Priority="68" SemiHidden="false"\n   UnhideWhenUsed="false" Name="Medium Grid 2 Accent 6"/>\n  <w:LsdException Locked="false" Priority="69" SemiHidden="false"\n   UnhideWhenUsed="false" Name="Medium Grid 3 Accent 6"/>\n  <w:LsdException Locked="false" Priority="70" SemiHidden="false"\n   UnhideWhenUsed="false" Name="Dark List Accent 6"/>\n  <w:LsdException Locked="false" Priority="71" SemiHidden="false"\n   UnhideWhenUsed="false" Name="Colorful Shading Accent 6"/>\n  <w:LsdException Locked="false" Priority="72" SemiHidden="false"\n   UnhideWhenUsed="false" Name="Colorful List Accent 6"/>\n  <w:LsdException Locked="false" Priority="73" SemiHidden="false"\n   UnhideWhenUsed="false" Name="Colorful Grid Accent 6"/>\n  <w:LsdException Locked="false" Priority="19" SemiHidden="false"\n   UnhideWhenUsed="false" QFormat="true" Name="Subtle Emphasis"/>\n  <w:LsdException Locked="false" Priority="21" SemiHidden="false"\n   UnhideWhenUsed="false" QFormat="true" Name="Intense Emphasis"/>\n  <w:LsdException Locked="false" Priority="31" SemiHidden="false"\n   UnhideWhenUsed="false" QFormat="true" Name="Subtle Reference"/>\n  <w:LsdException Locked="false" Priority="32" SemiHidden="false"\n   UnhideWhenUsed="false" QFormat="true" Name="Intense Reference"/>\n  <w:LsdException Locked="false" Priority="33" SemiHidden="false"\n   UnhideWhenUsed="false" QFormat="true" Name="Book Title"/>\n  <w:LsdException Locked="false" Priority="37" Name="Bibliography"/>\n  <w:LsdException Locked="false" Priority="39" QFormat="true" Name="TOC Heading"/>\n </w:LatentStyles>\n</xml><![endif]--> <!--[if gte mso 10]>\n<style>\n /* Style Definitions */\ntable.MsoNormalTable\n	{mso-style-name:"Table Normal";\n	mso-tstyle-rowband-size:0;\n	mso-tstyle-colband-size:0;\n	mso-style-noshow:yes;\n	mso-style-priority:99;\n	mso-style-parent:"";\n	mso-padding-alt:0in 5.4pt 0in 5.4pt;\n	mso-para-margin:0in;\n	mso-para-margin-bottom:.0001pt;\n	mso-pagination:widow-orphan;\n	font-size:10.0pt;\n	font-family:"Times New Roman";}\n</style>\n<![endif]--> <!--StartFragment--> <!--EndFragment--></p>\n<p class="MsoNormal" style="text-align: justify; line-height: 150%;"><span style="mso-bidi-font-weight: bold;">&nbsp;</span></p>', 0, '', '');
INSERT INTO `matakuliah` (`id_mk`, `kode_mk`, `nama_mk`, `sks`, `penjelasan`, `sap`, `silabus`, `is_deleted`, `file_sap`, `file_silabus`) VALUES
(6, 'KU001', 'Pendidikan Lingkungan Sosial Budaya dan Teknologi', 3, '<p>Ini adalah matakuliah mengenai lingkungan dan alam dunia</p>', '<p>ini SAP plsbt</p>', '<p>ini silabus PLSBT</p>', 0, '', '');

-- --------------------------------------------------------

--
-- Table structure for table `mkprodi_dosen`
--

CREATE TABLE IF NOT EXISTS `mkprodi_dosen` (
  `id_mkprodi_dosen` int(11) NOT NULL AUTO_INCREMENT,
  `id_mk_prodi` int(11) NOT NULL,
  `id_dosen` int(11) NOT NULL,
  `is_deleted` tinyint(4) NOT NULL DEFAULT '0',
  PRIMARY KEY (`id_mkprodi_dosen`)
) ENGINE=MyISAM  DEFAULT CHARSET=latin1 AUTO_INCREMENT=24 ;

--
-- Dumping data for table `mkprodi_dosen`
--

INSERT INTO `mkprodi_dosen` (`id_mkprodi_dosen`, `id_mk_prodi`, `id_dosen`, `is_deleted`) VALUES
(20, 12, 1, 0),
(2, 2, 1, 0),
(4, 2, 2, 0),
(19, 11, 2, 0),
(9, 4, 1, 0),
(18, 10, 2, 0),
(21, 12, 2, 0),
(22, 13, 2, 0),
(23, 14, 1, 0);

-- --------------------------------------------------------

--
-- Table structure for table `mk_prodi`
--

CREATE TABLE IF NOT EXISTS `mk_prodi` (
  `id_mk_prodi` int(11) NOT NULL AUTO_INCREMENT,
  `id_mk` int(11) NOT NULL,
  `id_prodi` int(11) NOT NULL,
  `id_sifat` int(11) NOT NULL,
  `semester` int(11) NOT NULL,
  `is_deleted` int(11) NOT NULL DEFAULT '0',
  PRIMARY KEY (`id_mk_prodi`)
) ENGINE=MyISAM  DEFAULT CHARSET=latin1 AUTO_INCREMENT=15 ;

--
-- Dumping data for table `mk_prodi`
--

INSERT INTO `mk_prodi` (`id_mk_prodi`, `id_mk`, `id_prodi`, `id_sifat`, `semester`, `is_deleted`) VALUES
(11, 1, 1, 2, 6, 0),
(2, 2, 1, 1, 2, 0),
(3, 1, 2, 1, 1, 0),
(4, 3, 1, 1, 3, 0),
(10, 2, 1, 1, 5, 0),
(12, 2, 1, 2, 6, 0),
(13, 5, 1, 1, 1, 0),
(14, 6, 1, 1, 5, 0);

-- --------------------------------------------------------

--
-- Table structure for table `prasyarat`
--

CREATE TABLE IF NOT EXISTS `prasyarat` (
  `id_prasyarat` int(11) NOT NULL AUTO_INCREMENT,
  `id_mk_prodi` int(11) NOT NULL,
  `id_mk_prodi_prasyarat` int(11) NOT NULL,
  PRIMARY KEY (`id_prasyarat`)
) ENGINE=MyISAM  DEFAULT CHARSET=latin1 AUTO_INCREMENT=16 ;

--
-- Dumping data for table `prasyarat`
--

INSERT INTO `prasyarat` (`id_prasyarat`, `id_mk_prodi`, `id_mk_prodi_prasyarat`) VALUES
(3, 2, 1),
(5, 4, 1),
(6, 4, 2),
(15, 13, 2);

-- --------------------------------------------------------

--
-- Table structure for table `prodi`
--

CREATE TABLE IF NOT EXISTS `prodi` (
  `id_prodi` int(11) NOT NULL AUTO_INCREMENT,
  `kode_prodi` varchar(255) NOT NULL,
  `nama_prodi` varchar(255) NOT NULL,
  `is_deleted` tinyint(4) NOT NULL DEFAULT '0',
  PRIMARY KEY (`id_prodi`),
  UNIQUE KEY `kode_prodi` (`kode_prodi`)
) ENGINE=MyISAM  DEFAULT CHARSET=latin1 AUTO_INCREMENT=6 ;

--
-- Dumping data for table `prodi`
--

INSERT INTO `prodi` (`id_prodi`, `kode_prodi`, `nama_prodi`, `is_deleted`) VALUES
(1, 'IK', 'Ilmu Komputerisasi', 0),
(2, 'PIK', 'Pendidikan Ilmu Komputer', 0);

-- --------------------------------------------------------

--
-- Table structure for table `sifat`
--

CREATE TABLE IF NOT EXISTS `sifat` (
  `id_sifat` int(11) NOT NULL AUTO_INCREMENT,
  `sifat` varchar(255) NOT NULL,
  PRIMARY KEY (`id_sifat`)
) ENGINE=MyISAM  DEFAULT CHARSET=latin1 AUTO_INCREMENT=3 ;

--
-- Dumping data for table `sifat`
--

INSERT INTO `sifat` (`id_sifat`, `sifat`) VALUES
(1, 'wajib'),
(2, 'pilihan');

-- --------------------------------------------------------

--
-- Table structure for table `user`
--

CREATE TABLE IF NOT EXISTS `user` (
  `id_user` int(11) NOT NULL AUTO_INCREMENT,
  `username` varchar(255) NOT NULL,
  `password` varchar(255) NOT NULL,
  `is_deleted` tinyint(4) NOT NULL DEFAULT '0',
  `id_jabatan` int(11) NOT NULL,
  PRIMARY KEY (`id_user`),
  UNIQUE KEY `username` (`username`)
) ENGINE=MyISAM  DEFAULT CHARSET=latin1 AUTO_INCREMENT=5 ;

--
-- Dumping data for table `user`
--

INSERT INTO `user` (`id_user`, `username`, `password`, `is_deleted`, `id_jabatan`) VALUES
(1, 'giri', '202cb962ac59075b964b07152d234b70', 0, 1);
